"","0_SD7449_H041_pH7","100_SD7551_S153","101_SD7552_S154","104_SD7555_S157","106_SD7557_S159","109_SD7560_S162","10_SD7461_H054_pH7","112_SD7563_S165","113_SD7564_S166","116_SD7567_S169","11_SD7462_H055_pH7","120_SD7571_S173","121_SD7572_S174","122_SD7573_S175","12_SD7463_H056_pH7","13_SD7464_H057_pH7","14_SD7465_H058_pH7","16_SD7467_H061_pH6.5","17_SD7468_H062_pH6.5","18_SD7469_H063_pH6.5","19_SD7470_H065_pH6.5","1_SD7450_H042_pH7","20_SD7471_H067_pH6.5","21_SD7472_H068_pH6.5","22_SD7473_H069_pH6.5","23_SD7474_H070_pH6.5","24_SD7475_H071_pH6.5","25_SD7476_H072_pH6.5","26_SD7477_H073_pH6.5","27_SD7478_H074_pH6.5","28_SD7479_H075_pH6.5","2_SD7451_H043_pH7","30_SD7481_H077_pH6.5","31_SD7482_H078_pH6.5","32_SD7483_H079_pH6.5","33_SD7484_H080_pH6.5","34_SD7485_H081_pH6","35_SD7486_H082_pH6","36_SD7487_H085_pH6","37_SD7488_H086_pH6","38_SD7489_H087_pH6","39_SD7490_H089_pH6","3_SD7452_H044_pH7","40_SD7491_H090_pH6","41_SD7492_H091_pH6","42_SD7493_H092_pH6","43_SD7494_H093_pH6","44_SD7495_H094_pH6","45_SD7496_H095_pH6","46_SD7497_H096_pH6","47_SD7498_H097_pH6","48_SD7499_H098_pH6","49_SD7500_H099_pH6","4_SD7453_H045_pH7","50_SD7501_H100_pH6","51_SD7502_H101_pH5.5","52_SD7503_H102_pH5.5","53_SD7504_H103_pH5.5","54_SD7505_H104_pH5.5","55_SD7506_H105_pH5.5","56_SD7507_H106_pH5.5","57_SD7508_H107_pH5.5","58_SD7509_H109_pH5.5","59_SD7510_H110_pH5.5","5_SD7454_H046_pH7","60_SD7511_H111_pH5.5","61_SD7512_H113_pH5.5","62_SD7513_H114_pH5.5","63_SD7514_H115_pH5.5","64_SD7515_H116_pH5.5","65_SD7516_H117_pH5.5","66_SD7517_H119_pH5.5","67_SD7518_H120_pH5.5","68_SD7519_S121","69_SD7520_S122","6_SD7455_H048_pH7","70_SD7521_S123","71_SD7522_S124","72_SD7523_S125","73_SD7524_S126","74_SD7525_S127","75_SD7526_S128","76_SD7527_S129","77_SD7528_S130","78_SD7529_S131","79_SD7530_S132","7_SD7456_H049_pH7","80_SD7531_S133","81_SD7532_S134","82_SD7533_S135","83_SD7534_S136","84_SD7535_S137","85_SD7536_S138","86_SD7537_S139","87_SD7538_S140","8_SD7458_H051_pH7","91_SD7542_S144","92_SD7543_S145","93_SD7544_S146","94_SD7545_S147","95_SD7546_S148","97_SD7548_S150","98_SD7549_S151","9_SD7460_H053_pH7"
"AAGGTGGCGCTCGCGGCGCACGTCGCTCGAGGCCGACTCTCGCGAGGTCTCAAACGGAAG",0,0,0,0,0,0,0,0,0,0,0,0,0,0,0,0,0,0,0,0,0,0,0,0,0,0,0,0,0,0,0,0,0,0,0,0,0,0,0,0,0,0,0,0,0,0,0,0,0,0,0,0,0,1,0,0,0,1,0,0,0,0,0,0,0,0,0,0,0,0,0,0,0,0,0,0,0,0,0,0,0,0,0,0,0,0,0,0,0,0,0,0,0,0,0,0,0,0,0,0,0,0,0,0
"ACAATCCGGGTCTCGTCCCATTATCCGTTCGAACGGGTCAATCGCCGGCTGGAGTTCGAT",0,0,0,0,0,0,0,0,0,0,0,0,0,0,0,0,0,0,0,0,0,0,0,0,0,0,0,0,0,0,0,0,0,0,0,0,0,0,0,0,0,0,0,0,0,0,0,0,0,0,0,0,0,0,0,0,0,0,0,0,0,0,0,0,0,0,0,0,0,0,0,0,0,0,0,0,0,0,0,0,0,0,0,0,0,0,0,0,0,0,0,0,0,0,0,0,0,0,0,0,0,0,0,0
"ACAATTTTCACTGCGGCCGAATTGGCACGGAAACGCCGCCAGAGAGGCCTCAAAATGAAT",0,0,2,0,1,1,0,4,0,2,0,1,0,1,0,2,0,1,0,0,3,0,1,3,1,2,0,0,1,1,0,0,0,3,1,2,1,1,1,1,1,0,0,1,0,0,0,3,0,0,2,0,1,0,0,1,0,0,1,0,0,0,0,0,0,1,0,0,1,0,0,2,0,1,1,2,0,0,0,0,0,0,1,1,0,1,2,1,1,0,0,1,2,0,2,0,1,0,0,0,0,2,0,0
"ACCGTCTTCACGGCGGCCGAATATGCCCGCAAGCTGCGTGCGGCCGGCGTGGCGCTCTCG",0,0,0,0,0,0,0,0,0,0,0,0,0,0,0,0,0,0,0,0,0,0,0,0,0,1,0,0,0,0,0,0,0,0,0,0,0,0,0,0,0,0,0,0,0,0,0,0,0,0,0,0,0,0,0,0,0,0,0,0,0,0,0,0,0,0,0,0,0,0,0,0,1,0,0,0,0,0,0,0,0,0,0,0,0,0,0,0,0,0,0,0,0,0,0,0,0,0,0,0,0,0,0,0
"ATAATCGCCACGGCCGCGATGGTGGCGCGCCGGCGTCTCGATCGCGGCGTCAAGCTCAAC",28,27,24,28,31,32,30,23,33,26,27,29,28,24,18,27,22,28,25,19,22,31,17,21,31,23,22,30,24,28,24,21,27,22,26,30,20,25,25,21,34,33,32,31,22,27,21,21,26,24,25,30,24,22,29,30,24,33,27,23,26,27,24,29,15,29,32,26,30,24,21,23,25,29,26,29,35,37,30,23,31,29,30,27,30,25,24,21,30,27,28,23,30,29,35,22,28,25,28,32,30,34,38,22
"ATCATTTTTTTAGAAGTCAATCGAGCAATGCGGCCCGCCGCCTTCGGTATGCGGCTAGAC",0,0,0,0,0,0,0,0,0,0,0,0,0,0,0,0,0,0,0,0,0,0,0,0,0,0,0,0,0,0,0,0,0,0,0,0,0,0,0,0,0,0,0,0,0,0,0,0,0,0,0,0,0,0,0,0,0,0,0,0,0,0,0,0,0,0,0,0,0,0,0,0,0,0,0,0,0,0,0,0,0,0,0,0,0,0,0,0,0,0,0,0,0,0,0,0,0,0,0,0,0,0,0,0
"ATGATCTGGACAGCTGCTCAGATCGCGAAAGCAAGGAAGGAAAGGGGAGTTAAATTGAAT",0,1,1,0,0,0,0,0,0,0,0,0,1,0,0,1,2,1,1,0,0,0,0,1,0,1,1,1,0,1,0,1,0,0,1,0,0,0,1,0,0,0,2,1,0,1,0,1,3,0,0,0,0,0,0,0,0,0,0,0,0,0,0,0,0,0,0,0,0,0,0,0,0,1,0,1,0,0,0,0,0,0,0,0,0,0,0,0,0,0,1,1,1,0,0,1,0,1,0,0,1,1,1,3
"ATGATTTTCGTCGCCGCTACGAGCGCAAGGAATTCGGCGGAAACTTCGGTGGCCCGATCT",0,0,0,0,0,0,0,0,0,0,0,0,0,0,0,0,0,0,0,0,0,0,0,0,0,0,0,0,0,0,0,0,0,0,0,0,0,0,0,0,0,0,0,0,0,0,0,0,0,0,0,0,0,1,0,0,0,0,0,0,0,0,0,0,0,0,0,0,0,0,0,0,0,0,0,0,0,0,0,0,0,0,0,0,0,0,1,0,0,0,0,0,0,0,0,0,0,0,0,0,0,0,0,0
"ATGCTGTTCGTTGCGGCGCAAGTCGCGACGGCGCGCAAATTGCGCGGCGTGAAGCTCAAT",0,0,1,0,1,3,0,0,0,0,1,1,0,0,2,0,1,1,2,1,0,1,1,2,1,1,0,1,0,1,1,2,0,0,0,2,3,3,0,0,2,3,3,3,1,1,0,1,2,1,1,1,0,2,1,0,0,1,2,1,1,3,1,0,1,1,0,0,0,0,0,0,1,0,0,1,0,0,1,0,0,0,1,0,0,0,3,1,0,0,0,0,0,0,0,0,1,2,0,5,0,1,0,4
"ATGCTTCATTATGCAGGAAGCCTAGCTAAAAAGAGAATGAGAAAAGGGTTAAAATTAAAT",0,0,0,0,0,0,0,0,0,1,0,0,0,0,0,0,0,0,0,0,0,0,0,0,0,0,0,0,0,0,0,0,0,0,0,0,0,0,0,0,0,0,0,0,0,0,0,0,0,0,0,0,0,0,0,0,0,0,0,0,0,0,0,0,0,0,0,0,0,0,0,0,0,0,0,0,0,0,0,0,0,0,0,0,0,0,0,0,0,0,0,0,0,0,0,0,0,0,0,0,0,0,0,0
"CAAGTATACACCGCAGCCATCCTACCCGATCCACAGCTCGCACGAGAACTGAAGCTCAAA",0,0,0,0,0,0,0,0,0,0,0,0,0,0,0,0,0,0,0,0,0,0,0,0,0,0,0,0,0,0,0,0,0,0,0,0,0,0,0,0,0,0,0,0,0,0,0,0,0,0,0,0,0,0,0,0,0,0,0,0,0,0,0,0,0,0,0,0,0,0,0,0,0,0,0,0,0,0,0,0,0,0,0,0,0,0,0,0,0,0,0,0,0,0,0,0,0,0,0,0,0,0,0,0
"CCGCTGGTCAACGCCGCGCTGTCCTTCGACCGCGCGGCCGCCGACGGGTTCCGGCTCGAC",0,0,0,0,0,0,0,0,0,0,0,0,0,0,0,0,0,0,0,0,0,0,0,0,0,0,0,0,0,0,0,0,0,0,0,1,0,0,0,0,0,0,0,0,0,0,0,0,0,0,1,0,0,0,0,0,0,1,0,0,0,0,0,0,0,0,0,0,0,0,0,0,0,0,0,0,0,0,0,1,0,0,0,0,0,0,0,0,0,0,0,0,0,0,0,0,0,0,0,0,0,0,0,0
"CGCGTCTTCCTGGTCGCGGAGCTGGCTCGGCGCACGCTCTCTCTCGGGATTCGTCTCAAT",1,0,0,1,1,1,0,0,0,0,1,2,1,0,0,0,0,0,0,1,1,0,0,0,0,0,0,0,0,1,0,0,0,0,0,0,0,0,2,0,0,1,0,1,0,0,2,0,2,0,1,0,0,0,0,0,0,0,0,0,0,0,0,0,0,1,0,0,1,1,0,0,0,1,2,0,2,0,2,0,0,0,1,0,0,1,0,0,0,0,0,1,1,1,0,0,1,0,1,0,0,0,0,0
"CTC------------------GTCTTTGATCGCACCCTGGCGCAGAACAGGCGGCTGGAT",0,0,0,0,0,0,0,0,0,0,0,0,0,0,0,0,0,0,0,0,0,0,0,0,0,0,0,0,0,0,0,0,0,0,0,0,0,0,0,0,0,0,0,0,0,0,0,0,0,0,0,0,0,0,0,0,0,0,0,0,0,0,0,0,0,0,0,0,0,0,0,0,0,0,0,0,0,0,0,0,0,0,0,0,0,0,0,0,0,0,0,0,0,0,0,0,0,0,0,0,0,0,0,0
"CTCATCGTCGTGGCCGAAGACATCGAGCGACGCCGGCGCACGCTCTTATTAAAACTGAAC",0,0,0,0,0,0,0,0,0,0,0,0,0,0,0,0,0,0,0,0,0,0,0,0,0,0,0,0,0,0,0,0,0,0,0,0,0,0,0,0,0,0,0,0,0,0,0,0,0,0,0,0,0,0,0,0,0,0,0,0,0,0,1,0,0,0,0,0,0,1,0,0,0,0,0,0,0,0,0,0,1,0,0,0,0,0,0,0,0,0,0,0,0,0,0,0,0,0,0,0,0,0,0,0
"CTCATTTTTACTGCGGCCTTGCTTGCGGAACGTCGCATGGCGCGTGGTTTAAAACTCAAT",3,0,4,1,0,1,5,1,0,1,0,1,1,0,5,2,0,1,0,3,2,3,3,3,1,0,6,1,4,0,3,3,3,2,7,1,2,5,2,3,0,2,0,0,0,1,2,2,2,4,2,1,2,2,2,1,0,1,1,2,1,1,0,3,3,2,0,1,0,2,2,1,3,1,2,2,2,0,0,0,1,0,1,2,0,3,3,2,0,0,0,0,0,1,3,0,4,0,3,1,2,0,0,5
"CTCGATTTCGATCGCGCCAAAGCCGCGGGCAAGCGC------------------CTGGAC",0,0,0,0,0,0,0,0,0,0,0,0,0,0,0,0,0,0,0,0,0,0,0,0,0,0,0,0,0,0,0,0,0,0,0,0,0,0,0,0,0,0,0,0,0,0,0,0,0,0,0,0,0,0,0,0,0,0,0,0,0,0,0,0,0,0,0,0,0,0,0,0,0,0,0,0,0,0,0,0,0,0,0,0,0,0,0,0,0,0,0,0,0,0,0,1,0,0,0,0,0,0,0,0
"CTCTGTTATTTTTATATGAGAATGGCGCGCAGCCGGGTGGCGCGCGGTGTTAAGCTGAAC",0,0,0,0,0,0,0,0,0,0,0,0,0,0,0,0,0,0,0,0,0,0,0,0,0,0,0,0,0,0,0,0,0,0,0,0,0,0,0,0,0,0,0,0,0,0,0,0,0,0,0,0,0,0,0,0,0,0,0,0,0,0,0,0,0,0,0,0,0,0,0,0,0,0,0,0,0,0,0,0,0,0,0,0,0,0,0,0,0,0,0,0,0,0,0,0,0,0,0,0,0,0,0,0
"CTGATCTATCTCGCATCGGAACTTGCACGCAAGCGGCAGGCCCGGGGCTTGACCCTGAAT",0,4,6,11,12,5,0,11,5,6,4,5,9,19,6,11,3,3,5,2,2,4,12,1,4,5,5,5,3,3,2,2,6,4,4,4,7,5,4,5,4,3,4,3,4,6,4,4,4,8,5,7,11,5,5,9,12,6,13,6,9,9,11,9,7,4,13,8,6,9,10,10,6,4,14,2,8,5,9,13,11,13,8,12,8,13,3,8,15,13,6,17,5,12,6,6,2,8,6,6,9,8,6,2
"CTGATCTTCGGCGCCGCGCAGCTCGCTCGGCTGCGTCGCTCGGCGGATCTCGCCCTCAAC",1,1,1,0,0,0,0,0,2,1,1,0,0,0,0,0,2,0,1,3,1,0,0,2,0,1,1,1,1,0,1,3,0,2,1,0,2,4,4,1,1,1,4,2,1,1,1,1,0,1,0,0,1,1,1,1,0,0,0,2,0,0,0,0,2,0,0,2,1,1,2,1,2,0,0,4,0,0,0,0,0,0,0,1,0,1,2,2,0,1,0,0,1,0,0,1,0,1,0,1,0,0,0,1
"CTGCTCTTCACCGCNGCTNTNNNNGCCNNGCGGCNCNNTNCNANCNNNNNNNNGCNCNNN",0,0,0,0,0,0,0,0,0,0,0,0,0,0,0,0,0,0,0,0,0,0,0,0,0,0,0,0,0,0,0,0,0,0,0,0,0,0,0,0,0,0,0,0,0,0,0,0,0,0,0,0,0,0,0,0,0,0,0,0,0,0,0,0,0,0,0,0,0,0,0,0,0,0,0,0,0,0,0,0,0,0,0,0,0,0,0,0,0,0,0,0,0,0,0,0,0,0,0,0,0,0,0,0
"CTGCTGTACTCGCTCGCCCAGATCTCGCTCCAGAGGAAGGCCAAGGGGCTGAAGCTCAAT",2,5,1,0,0,0,2,1,0,1,1,1,0,0,4,0,2,1,1,3,2,0,1,1,0,1,0,0,1,0,2,2,0,1,2,0,2,1,3,1,1,0,0,1,0,0,0,0,0,0,0,1,2,1,0,0,4,0,0,0,1,1,1,2,2,0,0,0,3,2,2,0,3,2,0,0,1,1,1,4,0,1,1,0,2,1,0,2,1,1,1,1,0,2,0,3,0,1,1,0,3,0,1,4
"CTGCTGTTTACGGCCGCGCTCNTCNCCNNGCGTCGGCTGGNGNNTNGCGTGNNGCTCNAT",0,0,0,0,0,0,0,0,0,0,0,0,0,0,0,0,0,0,0,1,0,0,0,0,0,0,0,0,0,0,0,0,0,1,0,0,0,0,0,0,0,0,0,0,0,0,0,1,0,0,0,0,0,0,0,0,0,0,0,0,0,0,0,0,0,0,0,0,0,0,0,0,0,0,0,0,0,0,0,0,0,0,0,0,0,0,0,0,0,0,0,0,0,0,0,0,0,0,0,0,0,0,0,0
"CTGCTTTCCTATGCCGGCGAACTGGCCCGCCGCCTCCAAGCACGCGGATTGCGGCTCAAC",2,3,0,2,3,2,1,0,2,2,2,0,2,0,2,2,2,5,1,3,2,2,2,3,2,1,1,2,2,0,3,1,2,5,3,0,2,1,1,1,2,0,1,0,0,3,3,4,1,2,2,0,1,3,0,1,2,3,1,2,2,1,5,1,7,1,2,4,1,1,1,1,3,0,0,2,0,0,3,1,3,0,2,1,3,1,2,2,1,2,1,2,1,1,1,4,1,1,1,1,1,2,1,0
"CTGGTCTCGGTAGCGGCAATGGTGGCCCGGGACAGGCGTCAGCGCGGCCTGCGTCTGAAC",0,1,1,1,0,3,2,0,1,0,0,2,0,0,1,0,1,0,0,1,0,1,0,1,0,0,1,1,0,2,0,0,0,1,0,0,0,1,1,0,1,0,0,0,1,0,1,1,0,0,1,0,0,0,1,0,0,0,0,0,0,1,0,0,2,1,0,0,0,0,1,0,1,1,0,1,1,0,1,2,0,0,0,1,0,1,0,2,0,1,2,0,4,1,0,1,0,2,2,0,0,0,0,0
"CTGTTGTTTTGCGGCGCCGACGTGGGGTGGGGGGGGCGCGCTCGCGGGCTGAATCTGTTT",0,0,0,0,0,0,0,0,0,0,0,0,0,0,0,0,0,0,0,0,0,0,0,0,0,0,0,0,0,0,0,0,0,0,0,0,0,0,0,0,0,0,0,0,0,0,0,0,0,0,0,0,0,0,0,0,0,0,0,0,0,0,0,0,0,0,0,0,0,0,0,0,0,0,0,0,0,0,0,0,1,0,0,0,0,0,0,0,0,0,0,0,0,0,0,0,0,0,0,0,0,0,0,0
"CTTCTATTCCTGGCAGGGGAATTAGCGCAAAAAAGAAAAGATCGCGGGCTCAAATTAAAT",0,0,1,0,0,0,0,0,1,0,0,0,0,1,1,0,1,1,0,1,1,0,1,0,1,0,0,0,0,1,1,0,0,0,0,0,0,0,0,3,0,1,0,0,2,1,1,0,1,0,0,2,0,0,1,1,0,0,0,1,0,0,1,0,1,1,0,2,0,0,0,0,0,0,0,0,0,0,1,0,0,0,0,1,0,0,0,1,0,1,0,0,0,0,0,1,1,1,0,0,0,0,0,0
"CTTTTTCACACCGCCGGTGTCGTTGCCCAAAAGCGCCTGGCCCGCTGCCTGCGTCTCACT",0,0,0,0,0,0,0,0,0,0,0,0,0,0,0,0,0,0,0,0,0,0,1,0,0,1,0,0,0,0,1,0,0,0,0,0,1,1,0,0,0,0,0,0,1,0,0,2,0,0,0,1,0,0,1,0,0,1,0,1,0,0,0,0,0,4,0,0,1,0,1,1,0,0,0,0,0,0,0,0,0,0,0,0,0,0,1,0,0,0,0,0,0,0,0,0,0,0,0,0,0,0,0,0
"GAGCTGGTGATCGTCAACGAGGGC---GACCGGCCGATTCAGATCGGTTCTCACCTGCAC",0,0,0,0,0,0,0,0,0,0,1,0,0,0,0,0,0,0,1,0,0,1,0,0,0,0,0,0,0,1,0,0,0,0,0,0,0,0,1,0,0,0,0,0,0,1,1,0,1,0,1,1,0,0,0,2,0,0,0,0,0,0,0,0,0,0,0,0,0,0,0,0,0,0,0,0,0,0,0,0,0,0,0,0,0,0,0,0,0,0,0,0,0,0,0,0,2,0,0,0,0,0,0,0
"GCACTGCATCAGGCCGGCTATCTGGCGCAGAAGCGGCTGGCGCGCGGGCTTCGGTTGAAC",7,5,4,1,0,1,5,6,1,3,5,6,3,1,6,4,10,5,6,8,6,6,7,4,1,6,5,5,9,6,9,8,9,5,3,4,4,0,4,4,3,3,3,3,7,5,11,6,4,5,7,2,4,6,7,1,5,1,3,4,6,3,4,2,4,4,2,3,3,6,4,6,3,5,3,2,1,4,0,3,1,1,2,3,4,1,5,6,1,2,4,3,2,0,1,3,5,3,4,0,2,1,0,6
"GCCCGATCGACCGCTGGTCAAGTTGCCCGGCAGCGGCGGAGCCGCGGATATCGCCTGTCT",0,0,0,0,0,0,0,0,0,0,0,0,0,0,0,0,0,0,0,0,0,0,0,0,0,0,0,0,0,0,0,0,0,0,0,0,0,0,0,0,0,0,0,0,0,0,0,0,0,0,0,0,0,0,0,0,0,0,0,0,0,0,0,0,0,0,0,0,0,0,0,0,0,0,0,0,0,0,0,0,0,0,0,0,0,0,0,0,0,0,0,0,0,0,0,0,0,0,0,0,0,0,0,0
"GCTATCCACACCGCCGTAACCAACGCGGGTGATCGCGCCCAGGTCGGTTCACACTTCCAC",0,0,0,0,0,0,0,0,0,0,0,0,0,0,0,0,0,0,0,0,0,0,0,0,0,0,0,0,0,0,0,0,0,0,0,0,0,0,0,0,0,0,0,0,0,0,0,0,0,0,0,0,0,0,0,0,0,0,0,0,0,0,0,0,0,0,0,0,0,0,0,0,0,0,0,0,0,0,0,0,0,0,0,0,0,0,0,0,0,0,0,0,0,0,0,0,0,0,0,0,0,0,0,0
"GTAATTGCCCAATTAGGCTTCCTAGCTCAGAAACGACTTGCCAGAGGAGTCAAGCTCAAT",0,0,0,1,0,0,0,0,0,0,0,0,0,0,0,0,0,0,0,0,0,0,0,0,0,0,0,0,0,0,0,0,0,0,0,0,0,0,0,0,0,0,0,0,0,0,0,0,0,0,0,0,0,0,0,0,0,0,0,1,0,0,0,1,0,0,0,0,0,0,0,0,0,0,0,0,0,0,0,1,0,0,0,0,0,0,0,0,0,0,0,0,0,0,0,0,0,0,0,0,0,0,0,0
"GTATTTGTGTATAAGAGACAGCTGTTCGACCGCGCCGCGGCGCGCGGCATGCGCCTGAAC",0,0,0,0,0,0,0,0,0,0,0,0,0,0,0,0,0,0,0,0,0,0,0,0,0,0,0,0,0,0,0,0,0,0,0,0,0,0,0,0,0,0,0,0,0,0,0,0,0,0,0,0,0,0,0,0,0,0,0,0,0,0,0,0,0,0,0,0,0,0,0,0,0,0,0,0,0,0,0,0,0,0,0,0,0,0,0,0,0,0,0,0,0,0,0,0,0,0,0,0,0,0,0,0
"GTCCTGTTCCAGGTTGCGGCCCTCGCAGGCGTGGCGCGCGCCGAAGGTGTGCGCGTGGCG",0,0,0,0,0,0,0,0,0,0,0,0,0,0,0,0,0,0,0,0,0,0,0,0,0,0,0,0,0,0,0,0,0,0,0,0,0,0,0,0,0,0,0,0,0,0,0,0,0,0,0,0,0,0,0,0,0,0,0,0,0,0,0,0,0,0,0,0,0,0,0,0,0,0,0,0,0,0,0,0,0,0,0,0,0,0,0,0,0,0,0,0,0,0,0,0,0,0,0,0,0,0,0,0
"GTCGTCACGAAGGCTGCTTTGCGGTTGGACCGTGGCGAAGCTTACGGCAAACGGTTGGAT",0,0,0,0,0,0,0,0,0,0,0,0,0,0,0,0,0,0,0,0,0,0,0,0,0,0,0,0,0,0,0,0,0,0,0,0,0,0,0,0,0,0,0,0,0,0,0,0,0,0,0,0,0,0,0,0,0,0,0,0,0,0,0,0,0,0,0,0,0,0,0,0,0,0,0,0,0,0,0,0,0,0,0,0,0,0,0,0,0,0,0,0,0,0,0,0,0,0,0,0,0,0,0,0
"GTGATGTTTTCAGCAGCGCTCGTGGCAGAGCGAGGGTATGGCCGAGGGGTACAGGTCTAC",1,0,0,0,0,0,0,0,0,0,0,0,0,0,0,0,0,0,0,0,0,0,0,0,0,0,0,0,0,0,0,0,0,0,0,0,0,0,0,0,0,0,0,0,0,0,0,0,0,0,0,0,0,0,0,0,0,0,0,0,0,0,0,0,0,0,0,0,0,0,0,0,0,0,0,0,0,0,0,0,0,0,0,0,0,0,0,0,0,0,0,0,0,0,0,0,0,0,0,0,0,0,0,1
"NTCATCTNNACCGCGNNNCNGCNNNNNNNNCNANGNCNNGNGCGCGNNCTCNNGCTNAAC",0,0,0,0,0,0,0,0,0,0,0,0,0,0,0,0,0,0,0,0,0,0,0,0,0,0,0,0,0,0,0,0,0,0,0,0,0,0,0,0,0,0,0,0,0,0,0,0,0,0,0,0,0,0,0,0,0,0,0,0,0,0,0,0,0,0,0,0,0,0,0,0,0,0,0,0,0,0,0,0,0,0,0,0,0,0,0,0,0,0,0,0,0,0,0,0,0,0,0,0,0,0,0,0
"TACATCCACGTCGTTGCCGATCTCGCGCGTCGTCGTCGTGACCGGGGGCTGCAACTCAAT",3,1,2,3,1,0,3,3,1,2,5,2,3,4,4,0,1,1,6,0,6,0,2,7,5,3,6,1,3,2,0,3,0,2,1,3,4,1,0,7,0,0,1,1,6,2,3,2,3,4,0,0,2,3,0,1,2,2,1,2,3,1,0,2,2,0,0,3,1,2,2,3,0,1,2,3,0,2,1,1,1,0,1,1,1,1,1,1,0,2,5,1,0,2,1,5,3,2,4,1,0,1,0,0
"TATATTTTTATTAGTGCAGAGGTCGCACGAAAAAGAAAAACAAGAGGTTTAAAACTCAAC",2,0,2,0,0,0,1,1,2,0,1,0,0,0,1,0,2,2,1,2,1,0,1,1,2,3,2,1,2,0,3,3,2,0,1,2,2,1,1,1,1,1,0,2,3,0,0,0,0,1,1,4,2,0,2,0,1,0,1,2,1,1,1,0,2,1,1,1,1,1,3,2,1,4,0,0,0,1,0,0,0,2,1,0,1,1,3,1,0,0,0,0,0,1,1,1,1,0,0,1,2,0,0,1
"TCGGTCTTCACCGCAGCCGAGTTAGCCCGCCGCAACCTCCGCGAGGGGATCCGGCTGTCA",0,2,0,1,0,0,1,0,2,3,1,0,0,0,0,1,0,0,0,2,1,0,1,0,1,1,0,1,0,1,0,0,1,1,0,1,0,1,0,2,0,2,0,1,2,1,0,1,1,0,1,0,0,2,0,1,0,0,0,2,0,2,1,1,2,0,0,0,1,0,1,0,1,0,0,1,0,0,0,0,0,4,1,0,1,0,0,0,1,0,2,0,1,0,0,1,0,3,0,2,0,0,3,1
"TTCCTCTTATTTGCATCGTCGTGCGCGGCTCGTGCCGCCGCGCGTGGAATGCGCCTCGAT",0,0,0,0,0,0,0,0,0,0,0,0,0,0,0,0,0,0,0,0,0,0,0,0,0,0,0,0,0,0,0,0,0,0,0,0,0,0,0,0,0,0,0,0,0,0,0,0,0,0,0,0,0,0,0,0,0,0,0,0,0,0,0,0,0,0,0,0,0,0,0,0,0,0,0,0,0,0,0,0,0,0,0,0,0,0,0,0,0,0,0,0,0,0,0,0,0,0,0,0,0,0,0,0
"TTCGCGACCAGTCAGGCGCTCAATAGACATCGCACCAAAGCCCGCGGCATGCGGCTCGAC",0,0,0,0,0,0,0,0,0,0,0,0,0,0,0,0,0,0,0,0,0,0,0,0,0,0,0,0,0,0,0,0,0,0,0,0,0,0,0,0,0,0,0,0,0,0,0,0,0,0,0,0,0,0,0,0,0,0,0,0,0,0,0,0,0,0,0,0,0,0,0,0,0,0,0,0,0,0,0,0,0,0,0,0,0,0,0,0,0,0,0,0,0,0,0,0,0,0,0,0,0,0,0,0
"TTGATCTCGGTCGCCGCCATGGTTGCGCGACAACGACTCCTGCGGTGTTCG---GCTCAA",0,0,0,0,0,0,0,0,0,0,0,0,0,0,0,0,0,0,0,0,0,0,0,0,0,0,0,0,0,0,0,0,0,0,0,0,0,0,0,0,0,0,0,0,0,0,0,0,0,0,0,0,0,0,0,0,0,0,0,0,0,0,0,0,0,0,0,0,0,0,0,0,0,0,0,0,0,0,0,0,0,0,0,0,0,0,0,0,0,0,0,0,0,0,0,0,0,0,0,0,0,0,0,0
"TTGCTGAGCGTGGCTGGCATGATCGCGCAGGACCGCCGTGGCCGTGGGGTCTTGCTGAAT",0,0,0,0,0,1,0,0,0,2,0,0,2,0,0,0,1,0,0,0,0,1,0,0,0,0,0,0,0,2,0,1,0,1,0,0,0,0,0,0,0,0,0,0,0,0,0,0,0,0,0,0,0,1,0,1,0,0,0,1,0,0,0,0,0,0,0,0,0,0,0,0,0,0,0,0,0,0,1,1,0,0,0,0,0,0,0,0,0,0,0,0,2,0,0,0,0,0,0,0,0,0,0,0
"TTGGTGAGTAACTGGGCTTTTATTTTCGAGCGCAAAAAAGCTTACGGATTTCGTCTTAAC",0,0,0,0,0,0,0,0,0,0,0,0,0,0,0,0,0,0,0,0,0,0,0,0,0,0,0,0,0,0,0,0,0,0,0,0,0,0,0,0,0,0,0,0,0,0,0,0,0,0,0,0,0,0,0,0,0,0,0,0,0,0,0,0,0,0,0,0,0,0,0,0,0,0,0,0,0,0,0,0,0,0,0,0,0,0,0,0,0,0,0,0,0,0,0,0,0,0,0,0,0,0,0,0
"TTTATCGAGACCACTACATCGCTGAAGTTCGACCGCAAGAGTTATGGGAAGCGCCTGGAT",0,0,0,0,0,0,0,0,0,0,0,0,0,0,0,0,0,0,0,0,0,0,0,0,0,0,0,0,0,0,0,0,0,0,0,0,0,0,0,0,0,0,0,0,0,0,0,0,0,0,0,0,0,0,0,0,0,0,0,0,0,0,0,0,0,0,0,0,0,0,0,0,0,0,0,0,0,0,0,0,0,0,0,0,0,0,0,0,0,0,0,0,0,0,0,0,0,0,0,0,0,0,0,0
"TTTTTTTTGGCGGGTGGTCCCCGCGCCCCCCCCCCCCGCGCCCGTGGCTTGAAGCTGAAT",0,0,0,0,0,0,0,0,0,0,0,0,0,0,0,0,0,0,0,0,0,0,0,0,0,0,0,0,0,0,0,0,0,0,0,0,0,0,0,0,0,0,0,0,0,0,0,0,0,0,0,0,0,0,0,0,0,0,0,0,0,0,0,0,0,0,0,0,0,0,0,0,0,0,0,0,0,0,0,0,0,0,0,0,0,0,0,0,0,0,0,0,0,0,0,0,0,0,0,0,0,0,0,0
